               epoch,      train/box_loss,      train/obj_loss,      train/cls_loss,   metrics/precision,      metrics/recall,     metrics/mAP_0.5,metrics/mAP_0.5:0.95,        val/box_loss,        val/obj_loss,        val/cls_loss,               x/lr0,               x/lr1,               x/lr2
                   0,             0.11439,             0.04121,            0.034165,           0.0020216,           0.0084848,          0.00062719,            0.000136,             0.10501,            0.026341,             0.02959,             0.00014,             0.00014,             0.09874
                   1,             0.10165,            0.047802,            0.024792,            0.017201,            0.052727,           0.0058493,           0.0010656,            0.092889,            0.028761,            0.023146,          0.00028999,          0.00028999,             0.09739
                   2,            0.088355,            0.049074,            0.020858,             0.41774,            0.093333,            0.052963,            0.011511,            0.079728,            0.027226,            0.021678,          0.00043996,          0.00043996,             0.09604
                   3,            0.079694,            0.045098,            0.019549,             0.80176,             0.13216,             0.12648,            0.031528,            0.071457,            0.024619,            0.020863,          0.00058987,          0.00058987,             0.09469
                   4,            0.073953,             0.03793,            0.018806,              0.8285,             0.14485,             0.15389,            0.046838,            0.065232,            0.020938,            0.020268,          0.00073971,          0.00073971,             0.09334
                   5,            0.068695,            0.035891,            0.018938,             0.80406,             0.18727,              0.1585,            0.042899,            0.064059,            0.019572,                0.02,          0.00088945,          0.00088945,            0.091989
                   6,            0.067698,            0.033177,            0.018667,              0.8746,             0.22713,             0.22163,            0.083255,            0.052873,            0.019431,            0.019634,           0.0010391,           0.0010391,            0.090639
                   7,            0.065012,            0.032424,            0.018553,             0.84017,             0.19636,             0.18182,            0.063423,            0.061727,            0.017891,            0.019018,           0.0011886,           0.0011886,            0.089289
                   8,            0.063732,            0.031095,            0.017758,             0.89407,             0.20727,             0.25737,             0.10075,            0.056109,             0.01753,            0.017965,           0.0013379,           0.0013379,            0.087938
                   9,            0.061916,            0.031325,            0.016374,             0.61613,             0.38551,             0.37193,             0.15753,            0.050362,            0.017513,            0.016377,            0.001487,            0.001487,            0.086587
                  10,            0.058856,            0.029579,            0.014012,             0.55241,             0.45961,             0.33308,             0.11536,            0.050889,            0.016741,            0.014447,            0.001636,            0.001636,            0.085236
                  11,            0.058969,            0.029471,            0.012355,             0.65178,             0.45504,             0.42547,             0.17903,            0.048254,            0.016514,             0.01279,           0.0017847,           0.0017847,            0.083885
                  12,            0.057041,            0.028686,            0.010741,             0.59442,             0.45677,             0.36709,              0.1439,            0.048576,            0.015962,             0.01191,           0.0019331,           0.0019331,            0.082533
                  13,            0.056429,            0.028391,            0.009805,             0.72563,             0.42399,             0.43377,              0.1875,            0.045801,            0.016269,            0.011612,           0.0020813,           0.0020813,            0.081181
                  14,            0.054701,            0.027735,           0.0091509,             0.80065,             0.43725,              0.4789,             0.22709,            0.047611,            0.015354,            0.011308,           0.0022292,           0.0022292,            0.079829
                  15,            0.053351,            0.026507,           0.0088914,             0.70487,             0.48425,             0.48206,             0.21774,            0.043931,            0.015098,            0.010903,           0.0023768,           0.0023768,            0.078477
                  16,            0.051221,             0.02534,           0.0085205,             0.81461,              0.4671,             0.49857,             0.25382,            0.038639,            0.014647,            0.011257,            0.002524,            0.002524,            0.077124
                  17,            0.051195,            0.025363,           0.0078896,             0.78155,              0.4743,             0.48747,             0.23543,            0.038764,            0.014548,            0.010588,           0.0026709,           0.0026709,            0.075771
                  18,            0.047939,            0.025539,           0.0076047,             0.87438,             0.45554,             0.52791,             0.26446,            0.039012,            0.014205,           0.0099523,           0.0028174,           0.0028174,            0.074417
                  19,            0.047636,            0.025911,           0.0077955,             0.82214,             0.46805,             0.51125,             0.27037,            0.038595,            0.014239,            0.010235,           0.0029635,           0.0029635,            0.073063
                  20,            0.046653,            0.024876,           0.0070604,             0.82089,              0.4892,             0.54047,               0.267,            0.038752,            0.013986,            0.009474,           0.0031091,           0.0031091,            0.071709
                  21,            0.047353,            0.025488,           0.0068647,             0.81911,             0.46767,             0.52934,             0.26907,            0.038209,            0.014615,           0.0099857,           0.0032543,           0.0032543,            0.070354
                  22,              0.0436,            0.023658,           0.0067838,             0.86957,             0.47326,             0.54977,             0.28521,            0.038734,            0.014015,            0.009655,           0.0033991,           0.0033991,            0.068999
                  23,            0.045066,            0.024587,           0.0070003,             0.75044,             0.47828,              0.5071,             0.27667,            0.040816,            0.014051,           0.0098767,           0.0035434,           0.0035434,            0.067643
                  24,            0.044309,            0.024823,           0.0070739,             0.83987,             0.44224,             0.52588,             0.25902,            0.037183,             0.01389,            0.009445,           0.0036871,           0.0036871,            0.066287
                  25,            0.043606,            0.023715,            0.006512,             0.87768,             0.48531,             0.56862,             0.30325,            0.036221,            0.013942,            0.009404,           0.0038304,           0.0038304,             0.06493
                  26,            0.043735,            0.023847,           0.0065298,             0.87622,             0.46412,             0.56827,             0.29967,            0.037464,            0.014053,           0.0092211,            0.003973,            0.003973,            0.063573
                  27,            0.041811,              0.0232,           0.0063044,             0.91688,             0.46888,             0.56498,             0.30589,            0.036676,            0.013911,            0.010754,           0.0041151,           0.0041151,            0.062215
                  28,            0.040287,            0.023544,           0.0061475,             0.91948,              0.4834,             0.58417,             0.31773,            0.034722,            0.013607,           0.0095641,           0.0042566,           0.0042566,            0.060857
                  29,             0.03969,            0.022588,           0.0056604,             0.84245,             0.54372,             0.59329,              0.3212,            0.033371,            0.013656,           0.0082721,           0.0043975,           0.0043975,            0.059498
                  30,            0.040865,            0.023601,           0.0061551,             0.79995,             0.53017,             0.57463,             0.31842,            0.040529,            0.013756,           0.0093466,           0.0045378,           0.0045378,            0.058138
                  31,             0.04194,            0.022433,           0.0059832,             0.84353,             0.53103,             0.57778,             0.32054,             0.03676,            0.013956,           0.0089404,           0.0046774,           0.0046774,            0.056777
                  32,            0.040099,            0.022781,           0.0056607,             0.84535,             0.52896,             0.57907,             0.31468,            0.034425,            0.013519,           0.0087785,           0.0048163,           0.0048163,            0.055416
                  33,            0.036606,            0.021853,           0.0051106,             0.52656,             0.57135,             0.52227,             0.27263,            0.034789,            0.013682,             0.01034,           0.0049546,           0.0049546,            0.054055
                  34,            0.038721,             0.02284,           0.0053773,             0.87136,             0.51569,             0.58935,             0.34828,            0.032568,            0.013559,           0.0090965,           0.0050921,           0.0050921,            0.052692
                  35,            0.037572,             0.02218,           0.0054216,             0.49216,             0.60308,             0.56511,              0.3163,            0.035136,            0.013985,            0.009413,           0.0052289,           0.0052289,            0.051329
                  36,            0.039579,            0.022733,           0.0049825,             0.71446,             0.63788,             0.65964,             0.36727,             0.03402,            0.013561,           0.0085061,           0.0053649,           0.0053649,            0.049965
                  37,            0.037685,            0.021915,           0.0049566,              0.7708,             0.58605,             0.63504,             0.35846,            0.034697,            0.013876,           0.0092705,           0.0055002,           0.0055002,              0.0486
                  38,            0.036328,            0.021929,           0.0051582,              0.7161,             0.57441,             0.61896,             0.33972,            0.032975,            0.013945,           0.0095331,           0.0056347,           0.0056347,            0.047235
                  39,            0.033945,            0.021437,           0.0048245,             0.84501,             0.59276,             0.68061,             0.38256,            0.033167,            0.013715,           0.0076963,           0.0057683,           0.0057683,            0.045868
                  40,            0.037043,            0.022283,           0.0043939,             0.84998,             0.59741,             0.65829,             0.38776,            0.031295,            0.013684,           0.0091912,           0.0059011,           0.0059011,            0.044501
                  41,            0.034295,            0.020999,           0.0045297,             0.81816,             0.55473,             0.63838,             0.36849,             0.03208,            0.013624,           0.0088348,           0.0060331,           0.0060331,            0.043133
                  42,            0.035015,            0.021713,           0.0043017,             0.82552,             0.58471,             0.64147,              0.3459,            0.035082,            0.013844,           0.0083925,           0.0061642,           0.0061642,            0.041764
                  43,            0.034075,            0.021217,           0.0042873,             0.74278,             0.58653,              0.6105,             0.33307,            0.032911,            0.013848,           0.0087607,           0.0062944,           0.0062944,            0.040394
                  44,            0.031948,            0.021421,           0.0037523,             0.69217,             0.58295,             0.62863,             0.34299,            0.032713,            0.013723,           0.0092753,           0.0064237,           0.0064237,            0.039024
                  45,            0.032766,             0.02145,           0.0037006,             0.73217,             0.62175,             0.66311,             0.39664,             0.03095,            0.013431,            0.008214,           0.0065521,           0.0065521,            0.037652
                  46,            0.034052,            0.021423,            0.003428,             0.71467,             0.70062,             0.69651,             0.41112,              0.0322,            0.013916,           0.0076709,           0.0066795,           0.0066795,            0.036279
                  47,            0.033295,            0.020866,           0.0036702,             0.87075,             0.60325,             0.66311,             0.39665,            0.033057,            0.013798,            0.008402,            0.006806,            0.006806,            0.034906
                  48,            0.032913,            0.020376,           0.0033246,             0.79365,             0.57301,             0.64961,             0.38518,             0.03243,            0.013777,           0.0082328,           0.0069314,           0.0069314,            0.033531
                  49,            0.032741,            0.021463,           0.0032182,             0.78324,             0.57889,             0.60384,             0.34834,            0.032823,            0.013953,            0.010206,           0.0070559,           0.0070559,            0.032156
                  50,            0.030994,            0.021038,           0.0030344,             0.96164,             0.54868,             0.65568,             0.37633,            0.032302,            0.014034,           0.0089805,           0.0071794,           0.0071794,            0.030779
                  51,            0.031152,            0.020715,           0.0032796,             0.81883,             0.56511,             0.66618,             0.38176,             0.03304,            0.014335,           0.0078921,           0.0073018,           0.0073018,            0.029402
                  52,            0.031825,             0.02119,           0.0030902,              0.7582,             0.60526,             0.62837,              0.3772,            0.031223,            0.014316,           0.0094013,           0.0074232,           0.0074232,            0.028023
                  53,             0.03054,            0.020043,           0.0030034,             0.86207,             0.58721,             0.66461,             0.38304,             0.03308,             0.01432,           0.0088168,           0.0075435,           0.0075435,            0.026644
                  54,            0.030042,            0.021169,           0.0029033,             0.74736,             0.60448,             0.64861,             0.38737,            0.031768,            0.014166,           0.0086961,           0.0076628,           0.0076628,            0.025263
                  55,            0.028629,             0.02019,           0.0028951,             0.65653,             0.60119,             0.61665,             0.34264,            0.033759,            0.014531,           0.0099428,           0.0077809,           0.0077809,            0.023881
                  56,            0.029702,            0.021096,           0.0031395,             0.86199,             0.55876,              0.6236,               0.394,            0.030914,            0.013798,           0.0098274,           0.0078979,           0.0078979,            0.022498
                  57,             0.02715,            0.019274,           0.0027616,             0.81454,             0.61293,             0.68123,             0.41503,            0.032549,            0.014754,           0.0082717,           0.0080138,           0.0080138,            0.021114
                  58,            0.029275,            0.020429,           0.0026788,             0.75521,             0.63857,             0.66536,             0.38073,            0.034177,            0.014691,           0.0077647,           0.0081285,           0.0081285,            0.019729
                  59,            0.028716,            0.019902,           0.0027379,             0.75117,             0.54794,             0.61149,             0.34294,            0.033796,            0.014713,           0.0097565,           0.0082421,           0.0082421,            0.018342
                  60,            0.027844,            0.020518,           0.0026597,             0.87114,             0.55901,             0.66661,             0.39824,             0.03085,            0.013987,           0.0087934,           0.0083545,           0.0083545,            0.016954
                  61,            0.028264,            0.020478,           0.0025933,              0.7354,             0.67017,             0.68954,              0.4084,            0.031572,            0.014864,           0.0084086,           0.0084657,           0.0084657,            0.015566
                  62,            0.025947,            0.019738,           0.0025429,             0.77565,             0.60231,             0.65956,             0.38801,            0.031186,            0.014809,           0.0082174,           0.0085757,           0.0085757,            0.014176
                  63,            0.026119,            0.019444,            0.002323,             0.80665,             0.55469,             0.63192,             0.37452,            0.031452,            0.014662,            0.010644,           0.0086844,           0.0086844,            0.012784
                  64,            0.026488,            0.019838,           0.0027297,             0.75233,             0.58675,              0.6156,             0.37892,            0.030616,            0.014635,           0.0099607,           0.0087919,           0.0087919,            0.011392
                  65,            0.025432,            0.019755,           0.0026304,             0.70288,             0.54852,             0.62342,             0.37451,            0.030608,            0.014674,           0.0098683,           0.0088982,           0.0088982,           0.0099982
                  66,            0.026402,            0.019466,           0.0024734,             0.80561,              0.5463,             0.60634,             0.35934,            0.032149,            0.015225,            0.010145,           0.0089673,           0.0089673,           0.0089673
                  67,            0.026282,            0.019495,           0.0026553,             0.82661,             0.60278,              0.6693,             0.39893,            0.031598,            0.014571,           0.0081146,           0.0089673,           0.0089673,           0.0089673
                  68,            0.026041,            0.020311,           0.0026382,              0.7361,             0.55652,             0.61964,             0.38266,             0.03087,            0.014971,           0.0090416,           0.0089371,           0.0089371,           0.0089371
                  69,            0.025796,            0.020277,           0.0024909,             0.59714,              0.5973,             0.59509,             0.35952,            0.032365,             0.01581,           0.0084717,           0.0089065,           0.0089065,           0.0089065
                  70,            0.024473,            0.018981,           0.0023073,             0.79849,             0.61822,             0.66704,             0.39261,            0.031431,            0.014669,           0.0085883,           0.0088755,           0.0088755,           0.0088755
                  71,            0.024866,            0.018912,           0.0024159,             0.77626,             0.66269,             0.68148,             0.41161,            0.030311,            0.014268,           0.0082504,           0.0088442,           0.0088442,           0.0088442
                  72,            0.024438,            0.019766,           0.0023452,             0.75783,             0.63591,             0.65842,              0.4091,            0.030545,             0.01438,           0.0087844,           0.0088124,           0.0088124,           0.0088124
                  73,            0.024056,            0.018734,            0.002393,             0.77552,             0.58265,             0.63133,             0.39901,            0.030961,             0.01479,           0.0088809,           0.0087804,           0.0087804,           0.0087804
                  74,            0.025094,            0.018235,           0.0022382,              0.7644,             0.60999,             0.66462,             0.41505,            0.031758,             0.01529,           0.0077099,           0.0087479,           0.0087479,           0.0087479
                  75,            0.023716,            0.017918,           0.0021223,              0.8645,             0.57654,              0.6623,             0.41211,            0.029586,            0.014806,           0.0090571,           0.0087151,           0.0087151,           0.0087151
                  76,            0.023966,             0.01896,           0.0022415,             0.71517,             0.58061,             0.59039,             0.37022,            0.030144,             0.01478,           0.0098991,            0.008682,            0.008682,            0.008682
                  77,            0.023545,            0.018802,           0.0021486,             0.77442,             0.58622,              0.6237,             0.38095,            0.030431,            0.014932,           0.0092305,           0.0086485,           0.0086485,           0.0086485
                  78,            0.023843,            0.017931,           0.0022838,             0.72772,             0.63693,             0.67338,             0.40453,            0.030772,            0.014952,            0.008146,           0.0086146,           0.0086146,           0.0086146
                  79,            0.023413,            0.017743,           0.0020781,             0.75993,             0.62183,             0.67035,             0.41891,             0.03046,            0.014802,           0.0095083,           0.0085805,           0.0085805,           0.0085805
                  80,            0.022952,            0.017815,           0.0019525,             0.79946,             0.69234,             0.72347,             0.46197,            0.030128,            0.014722,           0.0070015,           0.0085459,           0.0085459,           0.0085459
                  81,            0.022216,            0.018164,           0.0020275,             0.78611,             0.63071,             0.66497,             0.40419,            0.030534,            0.014268,            0.008546,           0.0085111,           0.0085111,           0.0085111
                  82,            0.022437,            0.017888,            0.001857,             0.85866,             0.56999,             0.66779,             0.42442,            0.028617,            0.014483,           0.0085993,           0.0084759,           0.0084759,           0.0084759
                  83,             0.02236,            0.018351,           0.0018316,             0.76928,              0.6459,             0.67939,             0.43661,            0.029256,             0.01509,           0.0086641,           0.0084404,           0.0084404,           0.0084404
                  84,            0.022795,            0.017623,           0.0018643,             0.73874,             0.60907,             0.64026,             0.40118,             0.02977,            0.014767,           0.0097842,           0.0084046,           0.0084046,           0.0084046
                  85,            0.021262,            0.017085,           0.0019004,             0.73492,             0.65174,             0.65083,             0.41421,             0.03006,            0.015753,           0.0085695,           0.0083684,           0.0083684,           0.0083684
                  86,            0.021057,             0.01681,           0.0017225,              0.8442,             0.62172,             0.65956,              0.4034,             0.02993,            0.015463,           0.0089655,           0.0083319,           0.0083319,           0.0083319
                  87,            0.021862,            0.018155,           0.0017523,             0.87971,             0.61738,             0.67839,             0.43934,            0.028954,             0.01422,           0.0081765,           0.0082952,           0.0082952,           0.0082952
                  88,            0.021309,            0.017333,           0.0017362,              0.8096,             0.64304,             0.68154,             0.44253,            0.029577,            0.014983,           0.0085708,           0.0082581,           0.0082581,           0.0082581
                  89,            0.022353,            0.017452,           0.0016734,             0.94755,             0.57677,             0.65236,             0.42454,            0.029455,             0.01585,           0.0091702,           0.0082207,           0.0082207,           0.0082207
                  90,            0.020991,            0.016937,           0.0018082,             0.89281,             0.58246,             0.65058,              0.4224,            0.028976,            0.015559,           0.0090155,            0.008183,            0.008183,            0.008183
                  91,            0.021243,            0.017575,           0.0016504,             0.83781,             0.58716,             0.68437,              0.4299,            0.029194,            0.014783,           0.0084118,            0.008145,            0.008145,            0.008145
                  92,            0.022046,            0.017545,            0.001659,             0.74327,             0.61046,             0.64847,             0.41497,            0.029823,            0.015082,            0.009389,           0.0081068,           0.0081068,           0.0081068
                  93,            0.020706,            0.016566,            0.001804,             0.77285,             0.61492,             0.66495,             0.42223,            0.029376,             0.01541,           0.0088249,           0.0080682,           0.0080682,           0.0080682
                  94,            0.021111,            0.016759,            0.001649,             0.81738,             0.62061,               0.688,             0.42895,            0.030813,            0.015119,           0.0087079,           0.0080294,           0.0080294,           0.0080294
                  95,             0.02123,            0.017096,           0.0016807,             0.88008,             0.61938,             0.69094,             0.42366,            0.030779,            0.015189,           0.0082059,           0.0079903,           0.0079903,           0.0079903
                  96,            0.020208,            0.016614,           0.0016848,             0.85158,             0.67259,             0.73441,             0.47256,            0.029144,            0.014588,           0.0072462,           0.0079509,           0.0079509,           0.0079509
                  97,            0.021003,            0.017038,           0.0014481,             0.83874,             0.61697,             0.70638,              0.4582,            0.029366,            0.014807,           0.0083413,           0.0079112,           0.0079112,           0.0079112
                  98,            0.020706,              0.0166,           0.0017715,             0.73073,             0.66281,             0.68552,             0.42974,            0.029922,            0.015369,           0.0077083,           0.0078713,           0.0078713,           0.0078713
                  99,            0.020454,            0.016241,           0.0016252,             0.69284,             0.65716,             0.65933,             0.41858,            0.029505,            0.014454,           0.0088265,           0.0078311,           0.0078311,           0.0078311
                 100,              0.0207,            0.016731,           0.0017079,             0.80998,             0.65544,             0.68568,              0.4412,            0.028977,            0.015033,            0.007978,           0.0077907,           0.0077907,           0.0077907
                 101,            0.019727,            0.016108,           0.0014473,             0.82997,             0.60182,             0.66038,             0.43035,            0.029401,            0.014993,           0.0089333,             0.00775,             0.00775,             0.00775
                 102,            0.019453,            0.015789,           0.0015991,             0.81881,             0.64798,             0.70354,             0.45095,            0.029073,            0.014963,           0.0077706,           0.0077091,           0.0077091,           0.0077091
                 103,              0.0198,            0.015872,           0.0015639,             0.84589,             0.60491,             0.67482,              0.4253,            0.029681,            0.015037,           0.0086197,           0.0076679,           0.0076679,           0.0076679
                 104,            0.020169,            0.016282,           0.0013762,             0.81782,             0.62389,             0.66433,             0.42174,            0.029813,            0.016455,           0.0081211,           0.0076265,           0.0076265,           0.0076265
                 105,            0.019647,            0.015749,           0.0014734,             0.89681,             0.58116,             0.67756,             0.43851,            0.029407,            0.015992,           0.0082222,           0.0075848,           0.0075848,           0.0075848
                 106,            0.018834,            0.015277,           0.0014883,             0.78514,             0.62639,             0.66801,             0.43256,            0.028878,            0.015519,           0.0088252,            0.007543,            0.007543,            0.007543
                 107,            0.019265,            0.015638,            0.001347,             0.81332,             0.58657,             0.63218,              0.4155,            0.028954,             0.01573,           0.0096191,           0.0075009,           0.0075009,           0.0075009
                 108,            0.019508,            0.016185,           0.0012627,             0.77406,             0.65067,               0.681,             0.44223,             0.02951,            0.015548,           0.0079952,           0.0074585,           0.0074585,           0.0074585
                 109,            0.019033,            0.016713,           0.0012863,              0.6997,             0.66248,               0.664,             0.43072,            0.029488,            0.015596,           0.0083357,            0.007416,            0.007416,            0.007416
                 110,            0.018716,            0.015444,           0.0014209,             0.84704,             0.61015,             0.67175,             0.43426,            0.029467,             0.01573,           0.0078671,           0.0073733,           0.0073733,           0.0073733
                 111,            0.019727,            0.015815,           0.0014606,              0.8074,             0.56895,             0.64846,             0.40036,            0.029712,            0.015008,           0.0095113,           0.0073303,           0.0073303,           0.0073303
                 112,            0.018872,            0.016201,           0.0014066,             0.74728,             0.60273,             0.63289,             0.39843,            0.029256,            0.014979,           0.0093004,           0.0072872,           0.0072872,           0.0072872
                 113,            0.019004,            0.015823,           0.0013699,             0.76714,             0.59445,             0.62027,             0.39534,            0.028864,            0.015109,            0.010351,           0.0072438,           0.0072438,           0.0072438
                 114,            0.019133,            0.015991,           0.0016076,             0.74192,             0.62589,             0.65297,             0.41727,            0.029225,             0.01532,           0.0096257,           0.0072003,           0.0072003,           0.0072003
                 115,            0.019069,            0.015949,            0.001381,             0.82896,             0.61889,             0.65437,             0.43283,            0.029126,            0.015712,            0.008681,           0.0071566,           0.0071566,           0.0071566
                 116,            0.018391,            0.015683,           0.0011825,             0.87576,             0.61299,             0.68726,             0.46143,             0.02922,            0.016151,           0.0073229,           0.0071127,           0.0071127,           0.0071127
                 117,             0.01848,            0.015176,            0.001228,             0.91137,             0.61263,             0.68441,              0.4456,            0.028955,            0.015633,           0.0080528,           0.0070686,           0.0070686,           0.0070686
                 118,            0.018608,             0.01565,           0.0013543,             0.73409,             0.60871,             0.64752,             0.42755,            0.028762,            0.015976,           0.0089798,           0.0070243,           0.0070243,           0.0070243
                 119,            0.017823,            0.014777,           0.0012344,             0.79583,              0.6037,             0.65689,             0.42946,            0.028468,            0.015683,           0.0084338,           0.0069799,           0.0069799,           0.0069799
                 120,            0.018108,            0.015611,           0.0012949,              0.7836,             0.63251,             0.67757,             0.43732,             0.02908,            0.015472,           0.0074664,           0.0069353,           0.0069353,           0.0069353
                 121,            0.018188,            0.015691,           0.0012623,             0.89994,             0.59441,             0.69534,                0.46,            0.028851,            0.015143,           0.0074345,           0.0068906,           0.0068906,           0.0068906
                 122,            0.018517,            0.015519,           0.0011595,             0.90298,             0.62886,             0.67889,             0.44413,            0.028336,            0.015547,           0.0075711,           0.0068457,           0.0068457,           0.0068457
                 123,            0.017703,            0.014693,           0.0012407,             0.83434,             0.63628,             0.68472,             0.44315,            0.028759,            0.015452,           0.0075131,           0.0068006,           0.0068006,           0.0068006
                 124,            0.017479,            0.014761,           0.0010693,             0.79519,             0.64387,             0.68861,             0.44111,            0.029209,            0.015573,           0.0078303,           0.0067555,           0.0067555,           0.0067555
                 125,            0.017563,            0.014969,           0.0011904,             0.78416,             0.62476,             0.66858,             0.42684,            0.029246,            0.015747,           0.0087648,           0.0067101,           0.0067101,           0.0067101
                 126,            0.017342,            0.014544,           0.0010689,               0.662,             0.66047,              0.6504,             0.42078,             0.02911,            0.015675,           0.0099163,           0.0066647,           0.0066647,           0.0066647
                 127,             0.01743,            0.014649,           0.0011602,               0.846,              0.5795,             0.65948,             0.42751,            0.029124,            0.015554,           0.0089673,           0.0066191,           0.0066191,           0.0066191
                 128,            0.017479,            0.014818,            0.001156,             0.83555,             0.63416,             0.68304,             0.44855,             0.02901,             0.01578,           0.0085341,           0.0065734,           0.0065734,           0.0065734
                 129,            0.017741,            0.014609,           0.0010242,             0.83358,             0.58182,             0.65725,             0.43443,            0.028597,              0.0162,           0.0094816,           0.0065276,           0.0065276,           0.0065276
                 130,            0.018241,            0.014885,           0.0012127,              0.8463,             0.58681,             0.67171,             0.44179,            0.028751,            0.015735,           0.0082707,           0.0064816,           0.0064816,           0.0064816
                 131,            0.017322,            0.014605,           0.0012129,             0.75087,             0.61933,             0.64013,             0.41484,            0.028503,            0.015544,            0.009795,           0.0064356,           0.0064356,           0.0064356
                 132,            0.016639,            0.014656,           0.0011191,             0.75771,             0.66065,             0.70361,             0.45965,            0.029276,            0.015677,           0.0081943,           0.0063895,           0.0063895,           0.0063895
                 133,            0.016887,            0.014203,           0.0010839,             0.82128,             0.64343,             0.69194,              0.4672,            0.028585,             0.01561,           0.0084027,           0.0063432,           0.0063432,           0.0063432
                 134,            0.016792,            0.014134,            0.001066,              0.8279,             0.61221,             0.65665,             0.43838,            0.029043,            0.015949,            0.008861,           0.0062969,           0.0062969,           0.0062969
                 135,            0.016645,            0.014511,           0.0010173,             0.80007,              0.5924,             0.64803,             0.42394,            0.029562,            0.016063,            0.009247,           0.0062505,           0.0062505,           0.0062505
                 136,            0.016932,            0.014611,           0.0010382,             0.77579,             0.61708,             0.64479,             0.41789,            0.029294,            0.015983,           0.0085307,            0.006204,            0.006204,            0.006204
                 137,            0.017622,            0.014659,           0.0011139,             0.82162,             0.58526,             0.63628,             0.42418,            0.029293,            0.016295,           0.0091027,           0.0061574,           0.0061574,           0.0061574
                 138,            0.017064,            0.014919,           0.0011124,             0.94251,             0.59482,             0.67208,             0.44532,            0.029029,            0.015846,             0.00808,           0.0061107,           0.0061107,           0.0061107
                 139,            0.016142,            0.014062,           0.0010045,             0.85156,             0.60275,             0.66319,             0.42351,            0.028811,            0.015711,           0.0092279,            0.006064,            0.006064,            0.006064
                 140,            0.016374,            0.013804,           0.0011514,             0.80049,             0.62601,             0.67638,             0.43888,            0.028844,            0.015772,           0.0079897,           0.0060172,           0.0060172,           0.0060172
                 141,            0.016217,            0.014073,          0.00092795,             0.87367,             0.61039,             0.67404,              0.4372,            0.028787,            0.015922,           0.0079005,           0.0059704,           0.0059704,           0.0059704
                 142,            0.015652,            0.013671,          0.00098992,             0.87981,              0.6281,             0.69729,             0.45682,            0.029317,            0.016509,           0.0071315,           0.0059235,           0.0059235,           0.0059235
                 143,            0.015581,            0.013845,          0.00092449,             0.77406,             0.65195,             0.67987,             0.44174,            0.028883,            0.016258,           0.0083061,           0.0058766,           0.0058766,           0.0058766
                 144,            0.016523,            0.013976,           0.0010284,              0.8791,             0.64957,             0.68373,             0.45985,            0.029038,             0.01637,           0.0071324,           0.0058296,           0.0058296,           0.0058296
                 145,             0.01606,             0.01365,          0.00096391,             0.89244,             0.60509,             0.67657,             0.45127,            0.028896,            0.016785,           0.0077219,           0.0057826,           0.0057826,           0.0057826
                 146,            0.016461,            0.013989,          0.00092238,             0.81906,             0.64683,             0.66665,             0.44758,            0.029206,            0.017025,           0.0079524,           0.0057355,           0.0057355,           0.0057355
                 147,            0.015812,            0.013686,          0.00097796,             0.91993,             0.59785,             0.67866,             0.45375,            0.028995,            0.017122,             0.00823,           0.0056884,           0.0056884,           0.0056884
                 148,            0.016296,            0.014018,          0.00099108,             0.83445,             0.59507,             0.65795,             0.42447,            0.028234,            0.016153,           0.0097029,           0.0056413,           0.0056413,           0.0056413
                 149,            0.015647,            0.014221,          0.00096794,             0.89703,             0.62433,             0.68407,             0.44437,            0.028718,            0.016153,           0.0085662,           0.0055942,           0.0055942,           0.0055942
                 150,            0.015499,            0.013128,          0.00090455,             0.82793,             0.62858,             0.68826,             0.45475,            0.028685,            0.016872,           0.0087542,           0.0055471,           0.0055471,           0.0055471
                 151,            0.015795,            0.013197,          0.00092849,             0.88799,             0.64201,             0.70604,             0.46835,            0.028042,            0.016006,           0.0081932,              0.0055,              0.0055,              0.0055
                 152,            0.015596,            0.013907,          0.00094142,             0.78904,             0.64252,             0.68982,             0.46844,            0.028132,             0.01638,           0.0089184,           0.0054529,           0.0054529,           0.0054529
                 153,            0.015977,            0.013647,          0.00097748,             0.77307,             0.63031,             0.66939,             0.44535,            0.028812,            0.016333,           0.0092589,           0.0054058,           0.0054058,           0.0054058
                 154,            0.015367,            0.013611,           0.0009196,             0.78347,             0.66014,             0.68979,             0.45706,            0.028716,            0.016377,            0.009177,           0.0053587,           0.0053587,           0.0053587
                 155,            0.015014,            0.013354,          0.00086295,             0.80973,              0.6197,             0.67389,             0.44398,             0.02842,            0.016655,           0.0092939,           0.0053116,           0.0053116,           0.0053116
                 156,            0.015351,            0.014097,          0.00088064,             0.86244,             0.61359,             0.68413,             0.45153,            0.028662,             0.01603,           0.0093752,           0.0052645,           0.0052645,           0.0052645
                 157,            0.015034,            0.013088,          0.00082459,             0.82423,             0.60937,             0.67062,             0.44334,             0.02872,            0.016716,           0.0090611,           0.0052174,           0.0052174,           0.0052174
                 158,            0.014722,            0.012823,          0.00099523,             0.77432,             0.61987,              0.6711,             0.44292,            0.028507,            0.016463,           0.0096968,           0.0051704,           0.0051704,           0.0051704
                 159,            0.015543,            0.013775,          0.00099094,             0.83059,              0.6045,             0.67155,             0.44863,            0.028216,            0.016086,            0.009788,           0.0051234,           0.0051234,           0.0051234
                 160,            0.015335,            0.013371,          0.00098977,             0.82948,             0.58647,             0.64631,             0.42178,            0.028708,            0.016576,           0.0099549,           0.0050765,           0.0050765,           0.0050765
                 161,            0.014782,             0.01295,          0.00086987,             0.82069,             0.61466,             0.64629,             0.42818,            0.028648,            0.016865,           0.0098783,           0.0050296,           0.0050296,           0.0050296
                 162,            0.015049,            0.013069,          0.00091426,             0.78833,             0.62022,             0.65648,             0.43278,            0.028652,            0.016631,           0.0093317,           0.0049828,           0.0049828,           0.0049828
                 163,            0.014997,            0.013373,          0.00084582,              0.8509,             0.61716,             0.67568,             0.44905,            0.028587,             0.01651,           0.0090885,            0.004936,            0.004936,            0.004936
                 164,            0.014328,            0.012928,          0.00079913,             0.82769,             0.62322,              0.6852,             0.45193,            0.028209,            0.016625,           0.0090032,           0.0048893,           0.0048893,           0.0048893
                 165,            0.014647,            0.013141,          0.00087204,             0.78564,             0.62899,             0.65705,             0.43492,            0.028629,            0.016808,           0.0093192,           0.0048426,           0.0048426,           0.0048426
                 166,            0.014698,            0.013082,          0.00089891,             0.84292,             0.60195,             0.66309,             0.43432,             0.02851,            0.016602,           0.0089244,            0.004796,            0.004796,            0.004796
                 167,            0.014639,            0.013739,          0.00087532,             0.77975,             0.66197,             0.67888,             0.44889,            0.028793,            0.017078,           0.0091504,           0.0047495,           0.0047495,           0.0047495
                 168,            0.014594,            0.013271,          0.00078361,             0.89359,             0.64515,             0.69419,             0.46511,            0.028594,            0.017226,           0.0081779,           0.0047031,           0.0047031,           0.0047031
                 169,            0.014943,            0.013189,           0.0008602,             0.84091,             0.65545,              0.6893,             0.46811,            0.028297,            0.016912,           0.0084277,           0.0046568,           0.0046568,           0.0046568
                 170,            0.014367,            0.013071,          0.00085294,             0.84097,             0.62974,             0.68086,             0.44946,            0.028623,            0.016855,           0.0083817,           0.0046105,           0.0046105,           0.0046105
                 171,            0.014247,            0.012812,          0.00083576,             0.75398,             0.68745,             0.68545,             0.46686,            0.028253,            0.016766,           0.0078998,           0.0045644,           0.0045644,           0.0045644
                 172,            0.014325,            0.012866,          0.00081435,             0.83855,              0.6361,             0.70599,             0.47269,            0.028583,            0.017151,           0.0075413,           0.0045184,           0.0045184,           0.0045184
                 173,            0.013924,            0.012355,          0.00073054,             0.84855,               0.626,             0.68669,             0.46104,            0.028804,             0.01761,           0.0073859,           0.0044724,           0.0044724,           0.0044724
                 174,            0.014452,            0.012818,           0.0008568,             0.90944,             0.60743,             0.66883,             0.45372,            0.028728,            0.016868,           0.0078714,           0.0044266,           0.0044266,           0.0044266
                 175,            0.014085,            0.012754,          0.00084355,             0.87004,             0.62706,             0.66298,              0.4461,             0.02854,            0.016666,           0.0081428,           0.0043809,           0.0043809,           0.0043809
                 176,            0.013644,            0.012244,          0.00084682,             0.79797,             0.61455,             0.64602,             0.44212,             0.02812,            0.017057,            0.010096,           0.0043353,           0.0043353,           0.0043353
                 177,            0.014393,            0.013077,           0.0007959,             0.87283,             0.59434,             0.67354,             0.44822,            0.028209,            0.017171,           0.0095024,           0.0042899,           0.0042899,           0.0042899
                 178,            0.013905,            0.012342,          0.00080368,             0.86244,             0.62109,             0.68324,             0.45448,            0.028446,            0.017411,           0.0085883,           0.0042445,           0.0042445,           0.0042445
                 179,            0.013724,            0.012744,          0.00084181,             0.85324,             0.63868,             0.70143,             0.46617,            0.028246,            0.016805,           0.0074669,           0.0041994,           0.0041994,           0.0041994
                 180,            0.014035,            0.012636,          0.00077123,             0.78531,             0.68717,             0.70248,             0.46022,            0.028184,            0.016702,           0.0080028,           0.0041543,           0.0041543,           0.0041543
                 181,            0.013372,            0.012098,          0.00070053,             0.87126,             0.65167,             0.70418,             0.47339,            0.028092,            0.017312,            0.007863,           0.0041094,           0.0041094,           0.0041094
                 182,            0.013641,            0.011975,          0.00073257,             0.80079,             0.68553,             0.70767,             0.48442,            0.027965,            0.017455,           0.0072142,           0.0040647,           0.0040647,           0.0040647
                 183,            0.013561,            0.012102,          0.00074952,             0.84959,             0.59476,              0.6675,             0.45009,            0.027934,            0.017567,           0.0090701,           0.0040201,           0.0040201,           0.0040201
                 184,            0.013525,            0.012147,          0.00073168,             0.79371,             0.64392,             0.66163,             0.44062,            0.028226,            0.017187,            0.008542,           0.0039757,           0.0039757,           0.0039757
                 185,            0.013071,            0.011865,          0.00070524,             0.81437,             0.63741,             0.68172,             0.45302,            0.028425,            0.017215,           0.0082388,           0.0039314,           0.0039314,           0.0039314
                 186,            0.013603,            0.012182,          0.00074647,             0.81941,              0.6332,             0.68848,             0.45458,            0.028244,            0.016669,           0.0082921,           0.0038873,           0.0038873,           0.0038873
                 187,            0.013345,            0.012054,          0.00071381,             0.83516,             0.64472,             0.68987,             0.45773,            0.028602,            0.017422,           0.0084782,           0.0038434,           0.0038434,           0.0038434
                 188,            0.013441,            0.011948,           0.0007469,             0.80181,             0.65676,             0.69591,             0.45716,            0.028336,            0.017142,           0.0081324,           0.0037997,           0.0037997,           0.0037997
                 189,            0.012721,            0.011546,          0.00076002,             0.81941,             0.65529,             0.69718,             0.45431,            0.028272,            0.017074,           0.0085072,           0.0037562,           0.0037562,           0.0037562
                 190,            0.012918,            0.011869,          0.00068847,             0.82444,             0.63966,             0.67967,             0.44518,            0.028228,             0.01736,           0.0087459,           0.0037128,           0.0037128,           0.0037128
                 191,            0.013087,            0.012204,          0.00076715,             0.76583,             0.68669,             0.68269,             0.44898,            0.028019,            0.017432,           0.0082654,           0.0036697,           0.0036697,           0.0036697
                 192,            0.013099,            0.012466,          0.00067837,             0.81407,             0.63254,             0.67899,             0.45177,            0.028264,            0.017291,           0.0083623,           0.0036267,           0.0036267,           0.0036267
                 193,            0.013229,            0.011991,          0.00065079,             0.76559,             0.67097,             0.68521,             0.45502,            0.028282,            0.016989,           0.0086295,            0.003584,            0.003584,            0.003584
                 194,            0.012841,            0.012304,          0.00075043,             0.82723,             0.64367,              0.6761,             0.44859,            0.027857,            0.016934,           0.0086877,           0.0035415,           0.0035415,           0.0035415
                 195,            0.012733,            0.011824,          0.00071504,             0.78205,             0.65862,              0.6731,             0.44666,            0.027936,            0.016728,           0.0088396,           0.0034991,           0.0034991,           0.0034991
                 196,            0.012914,            0.012172,          0.00074646,             0.79215,             0.65482,             0.67725,              0.4521,            0.027923,            0.016977,           0.0087278,            0.003457,            0.003457,            0.003457
                 197,            0.012417,             0.01157,          0.00071044,             0.81558,             0.62775,             0.68372,             0.45438,            0.028061,            0.017596,           0.0087332,           0.0034152,           0.0034152,           0.0034152
                 198,            0.012516,            0.011462,          0.00063819,             0.80379,             0.64942,             0.65397,             0.44036,            0.028483,            0.017823,           0.0088429,           0.0033735,           0.0033735,           0.0033735
                 199,            0.012907,            0.011925,          0.00069224,             0.83127,             0.65723,             0.66992,             0.45519,            0.027884,            0.017227,           0.0086479,           0.0033321,           0.0033321,           0.0033321
                 200,            0.012708,            0.011944,          0.00072914,             0.78545,             0.67827,             0.68173,             0.46119,             0.02798,            0.017104,           0.0088662,           0.0032909,           0.0032909,           0.0032909
                 201,            0.012311,            0.011278,           0.0006772,              0.8947,              0.6335,             0.68554,              0.4675,            0.028139,            0.017087,           0.0078985,             0.00325,             0.00325,             0.00325
                 202,            0.012818,            0.012095,          0.00078416,             0.89342,             0.63231,             0.69578,             0.46626,            0.028235,            0.016963,           0.0075611,           0.0032093,           0.0032093,           0.0032093
                 203,            0.011829,            0.011124,          0.00060121,             0.92319,             0.61189,             0.69303,             0.46698,            0.028075,            0.016947,           0.0080562,           0.0031689,           0.0031689,           0.0031689
                 204,            0.012245,            0.011311,          0.00058591,             0.89077,             0.62296,             0.68016,             0.45753,            0.028314,            0.017476,           0.0080495,           0.0031287,           0.0031287,           0.0031287
                 205,            0.012215,            0.011395,          0.00063592,             0.83903,             0.63881,             0.68101,             0.45648,            0.028118,            0.017169,           0.0085165,           0.0030888,           0.0030888,           0.0030888
                 206,            0.012313,            0.011405,          0.00062778,              0.8205,             0.63356,             0.68433,             0.45696,            0.027945,            0.016841,            0.008523,           0.0030491,           0.0030491,           0.0030491
                 207,            0.012556,            0.012082,           0.0006114,             0.81697,             0.64857,             0.68585,             0.45243,            0.028171,            0.016825,           0.0083995,           0.0030097,           0.0030097,           0.0030097
                 208,            0.013056,            0.012409,           0.0006988,             0.86315,             0.61516,             0.67547,             0.45259,            0.028253,            0.017027,            0.008565,           0.0029706,           0.0029706,           0.0029706
                 209,            0.012439,            0.011656,          0.00063748,             0.87624,             0.62965,             0.68897,             0.45963,            0.028611,            0.017312,           0.0082249,           0.0029318,           0.0029318,           0.0029318
                 210,            0.011995,            0.011486,          0.00064451,             0.87873,             0.62618,               0.678,             0.46062,            0.028299,            0.018071,           0.0080903,           0.0028932,           0.0028932,           0.0028932
                 211,            0.012305,            0.011448,          0.00066329,             0.84788,             0.64337,             0.68374,             0.46491,            0.028093,            0.017621,           0.0082665,            0.002855,            0.002855,            0.002855
                 212,            0.012114,            0.011445,          0.00056586,             0.85823,             0.64743,               0.683,             0.45781,              0.0283,            0.017393,           0.0084993,            0.002817,            0.002817,            0.002817
                 213,            0.011817,             0.01099,          0.00058589,             0.88432,             0.62832,             0.67684,             0.45623,            0.028117,            0.017418,           0.0084911,           0.0027793,           0.0027793,           0.0027793
                 214,            0.011859,            0.010905,          0.00062274,             0.82674,             0.63918,             0.67852,             0.45528,            0.028026,             0.01758,           0.0085104,           0.0027419,           0.0027419,           0.0027419
                 215,            0.012373,              0.0118,          0.00067818,             0.82553,             0.64066,             0.66998,             0.45408,            0.028094,            0.017576,           0.0085282,           0.0027048,           0.0027048,           0.0027048
                 216,             0.01175,            0.010793,           0.0006396,             0.81404,             0.64643,             0.67589,             0.45614,            0.028237,            0.017843,           0.0087178,           0.0026681,           0.0026681,           0.0026681
                 217,            0.012079,            0.011192,          0.00062027,             0.81931,             0.65042,             0.67424,             0.44596,            0.028411,            0.017857,           0.0087245,           0.0026316,           0.0026316,           0.0026316
                 218,            0.011443,             0.01054,          0.00056533,               0.725,             0.69163,             0.68474,             0.44851,            0.028249,            0.017504,           0.0091346,           0.0025954,           0.0025954,           0.0025954
                 219,            0.011761,             0.01096,          0.00064798,             0.82692,              0.6241,             0.67621,             0.45244,            0.027878,            0.017311,           0.0095783,           0.0025596,           0.0025596,           0.0025596
                 220,            0.011767,            0.010686,          0.00064317,             0.73425,             0.67594,             0.66842,             0.45087,            0.028124,            0.017715,           0.0094023,           0.0025241,           0.0025241,           0.0025241
                 221,            0.011633,             0.01113,          0.00056114,             0.78781,             0.65325,             0.67211,             0.45378,            0.027997,            0.017927,           0.0090545,           0.0024889,           0.0024889,           0.0024889
                 222,            0.011761,            0.010894,          0.00059406,             0.79473,             0.65915,               0.682,             0.46561,            0.027716,            0.017404,           0.0089203,           0.0024541,           0.0024541,           0.0024541
                 223,            0.011353,            0.010512,          0.00059966,             0.83262,             0.65014,             0.68769,             0.47019,            0.027891,            0.017791,           0.0083806,           0.0024195,           0.0024195,           0.0024195
                 224,              0.0115,            0.011123,          0.00055241,             0.76179,             0.67757,             0.68399,             0.45844,             0.02792,            0.017512,            0.008848,           0.0023854,           0.0023854,           0.0023854
                 225,            0.011105,            0.010486,          0.00054335,              0.8255,             0.63242,             0.67044,             0.45169,            0.028011,            0.018076,           0.0093707,           0.0023515,           0.0023515,           0.0023515
                 226,            0.011069,            0.010483,          0.00051033,             0.80519,             0.65143,             0.67805,             0.46015,             0.02826,            0.017965,           0.0091898,            0.002318,            0.002318,            0.002318
                 227,            0.011605,            0.010809,          0.00056771,             0.82129,             0.64079,             0.68328,             0.46646,            0.028278,            0.017952,           0.0087535,           0.0022849,           0.0022849,           0.0022849
                 228,            0.011329,            0.010689,          0.00053427,             0.82146,             0.63598,             0.66205,              0.4512,            0.028322,            0.018307,           0.0089189,           0.0022521,           0.0022521,           0.0022521
                 229,            0.011353,            0.010403,          0.00050178,             0.76444,             0.65294,             0.66819,              0.4543,            0.028171,            0.018003,           0.0092272,           0.0022196,           0.0022196,           0.0022196
                 230,            0.011391,            0.011003,          0.00052411,             0.77004,             0.66148,             0.67537,             0.45423,            0.028287,            0.017892,           0.0091069,           0.0021876,           0.0021876,           0.0021876
                 231,            0.011041,            0.010244,           0.0005133,             0.81632,             0.64563,              0.6619,               0.449,            0.028074,             0.01776,           0.0092278,           0.0021558,           0.0021558,           0.0021558
                 232,            0.011313,            0.010358,           0.0006427,             0.80898,             0.65025,             0.66556,             0.45625,            0.028113,            0.017997,           0.0091028,           0.0021245,           0.0021245,           0.0021245
                 233,            0.011025,            0.010243,          0.00050801,              0.8701,             0.62693,             0.67268,             0.45599,            0.028028,             0.01819,           0.0089624,           0.0020935,           0.0020935,           0.0020935
                 234,            0.011357,            0.010877,          0.00055054,              0.8163,             0.63327,             0.66652,             0.45401,            0.028168,            0.018119,           0.0089735,           0.0020629,           0.0020629,           0.0020629
                 235,             0.01139,            0.010913,           0.0005106,             0.81171,             0.64051,             0.67284,             0.45672,            0.027923,            0.017842,           0.0090768,           0.0020327,           0.0020327,           0.0020327
                 236,            0.011358,            0.010665,          0.00060499,             0.77528,             0.65819,             0.68236,              0.4614,            0.027952,            0.017771,           0.0091351,           0.0020028,           0.0020028,           0.0020028
                 237,            0.010805,            0.010647,          0.00046772,             0.76907,             0.65209,             0.67445,             0.45423,            0.027998,            0.018058,           0.0090127,           0.0019734,           0.0019734,           0.0019734
                 238,             0.01098,            0.010489,          0.00044545,             0.86835,             0.62359,             0.67467,              0.4508,            0.028131,            0.018027,           0.0092161,           0.0019443,           0.0019443,           0.0019443
                 239,            0.011164,            0.010454,          0.00050623,              0.8158,             0.63242,             0.67518,              0.4579,            0.028094,            0.018044,           0.0092565,           0.0019156,           0.0019156,           0.0019156
                 240,            0.010859,            0.010476,          0.00052273,             0.77776,             0.66643,             0.67868,             0.45816,            0.028056,            0.018013,           0.0091093,           0.0018873,           0.0018873,           0.0018873
                 241,            0.010807,            0.010401,          0.00048579,             0.77105,               0.664,              0.6756,             0.45811,            0.028156,            0.018063,           0.0090744,           0.0018594,           0.0018594,           0.0018594
                 242,            0.010511,             0.01042,          0.00048515,             0.83305,             0.65096,             0.66998,              0.4523,            0.028414,            0.018517,           0.0090371,           0.0018319,           0.0018319,           0.0018319
                 243,            0.010823,            0.010511,          0.00050012,              0.8196,             0.65767,             0.67679,             0.45616,            0.028238,            0.018216,            0.009028,           0.0018048,           0.0018048,           0.0018048
                 244,            0.010823,            0.010428,          0.00055666,             0.89744,             0.59325,             0.68005,             0.45717,            0.028057,            0.017997,           0.0092464,           0.0017781,           0.0017781,           0.0017781
                 245,            0.010578,             0.01049,          0.00053496,             0.88276,             0.60685,             0.67427,             0.45422,             0.02818,            0.018098,           0.0095232,           0.0017519,           0.0017519,           0.0017519
                 246,            0.010881,            0.010797,          0.00049842,             0.81843,             0.62745,             0.67147,             0.45197,            0.028184,            0.018338,           0.0096484,            0.001726,            0.001726,            0.001726
                 247,            0.010771,            0.010674,          0.00046727,             0.77965,             0.65265,             0.68356,             0.45577,            0.028166,            0.018294,           0.0093489,           0.0017005,           0.0017005,           0.0017005
                 248,            0.010658,            0.010108,          0.00050141,             0.80312,              0.6568,             0.67873,             0.45395,            0.028231,            0.018073,           0.0095554,           0.0016755,           0.0016755,           0.0016755
                 249,            0.010832,            0.010112,          0.00050569,             0.81837,             0.65582,             0.67897,             0.45582,            0.028243,            0.018101,           0.0094421,           0.0016509,           0.0016509,           0.0016509
                 250,            0.010578,            0.010127,          0.00049635,             0.81699,             0.65256,             0.68456,             0.46114,            0.028168,            0.017957,           0.0091934,           0.0016267,           0.0016267,           0.0016267
                 251,            0.010316,           0.0098119,          0.00045308,             0.80923,             0.65501,             0.69091,             0.46835,            0.028031,            0.018074,           0.0088444,           0.0016029,           0.0016029,           0.0016029
                 252,            0.010755,            0.010705,          0.00049607,             0.85258,              0.6497,             0.69546,             0.46863,            0.028116,            0.018092,           0.0087026,           0.0015795,           0.0015795,           0.0015795
                 253,            0.010503,            0.010227,          0.00044243,             0.81688,             0.66123,             0.68827,             0.46778,             0.02792,            0.018283,           0.0088436,           0.0015566,           0.0015566,           0.0015566
                 254,            0.010558,           0.0098604,          0.00052424,             0.80443,             0.67192,              0.7054,             0.47593,            0.028062,            0.018483,           0.0085242,           0.0015341,           0.0015341,           0.0015341
                 255,            0.010782,            0.010267,          0.00052677,             0.85237,             0.64299,             0.70116,             0.47641,            0.027997,            0.018352,            0.008287,           0.0015121,           0.0015121,           0.0015121
                 256,            0.010142,           0.0099583,          0.00050837,             0.80311,             0.67435,             0.70566,             0.47787,            0.028132,            0.018428,           0.0081864,           0.0014905,           0.0014905,           0.0014905
                 257,            0.010529,            0.010091,          0.00056931,             0.84985,             0.63832,             0.68702,             0.46446,            0.028243,            0.018484,           0.0092314,           0.0014693,           0.0014693,           0.0014693
                 258,            0.010477,           0.0097795,          0.00053542,             0.88403,             0.61155,             0.68716,              0.4615,            0.028261,            0.018744,           0.0092997,           0.0014486,           0.0014486,           0.0014486
                 259,            0.010721,              0.0103,          0.00043802,             0.84297,             0.61924,             0.67975,             0.46183,            0.028175,            0.018598,           0.0092171,           0.0014283,           0.0014283,           0.0014283
                 260,            0.010262,           0.0099446,          0.00047698,              0.7645,             0.66012,             0.67266,             0.45024,            0.028051,            0.018527,           0.0093482,           0.0014084,           0.0014084,           0.0014084
                 261,            0.010361,            0.010166,           0.0004277,              0.8609,             0.61664,             0.67383,             0.45151,            0.028174,            0.018505,            0.009405,            0.001389,            0.001389,            0.001389
                 262,            0.010234,             0.01008,          0.00044056,             0.85995,             0.59848,             0.66691,             0.45448,            0.028029,            0.018695,           0.0099131,           0.0013701,           0.0013701,           0.0013701
                 263,            0.010671,            0.010237,          0.00043123,             0.80687,             0.63442,             0.67182,             0.45052,            0.028209,            0.018929,           0.0095813,           0.0013516,           0.0013516,           0.0013516
                 264,            0.010165,           0.0097743,          0.00044393,             0.77127,             0.66354,             0.67345,             0.45239,             0.02819,            0.018976,           0.0094558,           0.0013336,           0.0013336,           0.0013336
                 265,            0.010256,            0.010105,          0.00044441,             0.75959,             0.67677,             0.68135,             0.46187,            0.028008,            0.018653,           0.0090506,            0.001316,            0.001316,            0.001316
                 266,             0.01017,            0.009974,           0.0004926,             0.83051,             0.63371,             0.67295,             0.45674,            0.028016,            0.018766,           0.0093531,           0.0012989,           0.0012989,           0.0012989
                 267,            0.010164,           0.0098522,          0.00046368,              0.8662,             0.60147,             0.66852,             0.45543,            0.027993,            0.018689,           0.0099144,           0.0012822,           0.0012822,           0.0012822
                 268,            0.010349,           0.0098443,          0.00046087,              0.7807,             0.63712,             0.66709,             0.45237,            0.027967,            0.018769,           0.0098973,            0.001266,            0.001266,            0.001266
                 269,            0.010152,           0.0096933,          0.00042238,             0.86532,             0.61999,             0.67049,             0.45349,            0.028082,            0.018804,           0.0098477,           0.0012503,           0.0012503,           0.0012503
                 270,           0.0099443,           0.0099239,          0.00039211,             0.74914,             0.67296,             0.67846,             0.45842,            0.028079,            0.018773,            0.010058,            0.001235,            0.001235,            0.001235
                 271,            0.010136,           0.0099917,          0.00047852,             0.76231,             0.67481,             0.67808,             0.45941,            0.027987,            0.018853,            0.010091,           0.0012202,           0.0012202,           0.0012202
                 272,            0.010124,           0.0098254,          0.00048841,             0.73342,             0.67224,             0.67829,             0.46487,            0.027942,            0.018759,            0.010083,           0.0012059,           0.0012059,           0.0012059
                 273,            0.010389,            0.010293,          0.00047182,             0.75438,             0.66915,             0.68153,             0.46374,            0.028032,             0.01862,             0.01022,           0.0011921,           0.0011921,           0.0011921
                 274,           0.0099299,           0.0095998,          0.00040242,             0.80672,             0.65167,             0.68232,             0.46359,            0.027907,            0.018723,             0.01022,           0.0011787,           0.0011787,           0.0011787
                 275,           0.0099881,           0.0092828,          0.00042497,             0.85059,             0.63307,             0.68442,              0.4639,             0.02801,            0.018752,            0.010247,           0.0011658,           0.0011658,           0.0011658
                 276,            0.010276,           0.0099636,          0.00042379,             0.84722,             0.63812,             0.68012,             0.46329,            0.028042,            0.018818,            0.010154,           0.0011533,           0.0011533,           0.0011533
                 277,            0.010146,           0.0096851,          0.00041104,             0.82897,             0.64261,             0.68198,             0.46713,            0.028101,            0.018999,            0.009984,           0.0011414,           0.0011414,           0.0011414
                 278,           0.0099074,           0.0093981,          0.00036663,              0.8275,              0.6414,             0.68014,             0.46773,            0.028109,            0.019144,           0.0098333,           0.0011299,           0.0011299,           0.0011299
                 279,           0.0098846,           0.0098441,          0.00043271,             0.81035,             0.65139,             0.68357,             0.46988,            0.027989,            0.019057,           0.0098177,           0.0011189,           0.0011189,           0.0011189
                 280,            0.010311,            0.010692,          0.00047278,             0.75297,             0.67039,             0.68831,             0.47473,            0.028105,            0.018995,           0.0098574,           0.0011084,           0.0011084,           0.0011084
                 281,            0.010058,           0.0099292,          0.00043704,              0.8439,             0.61994,             0.68611,             0.46998,            0.028222,            0.018966,           0.0098632,           0.0010983,           0.0010983,           0.0010983
                 282,           0.0096856,           0.0096764,          0.00041599,             0.81289,             0.63741,             0.67875,             0.46514,            0.028167,            0.018863,            0.010078,           0.0010888,           0.0010888,           0.0010888
